parent_top,subcategory,count_in_parent,description
Premature Termination,Hard to Analyze,3,Insufficient context to infer the underlying failed skill beyond ending early.
Premature Termination,Authentication Follow-through,2,"Agent authenticates successfully, then fails to proceed to the actual task."
Premature Termination,Code Implementation,14,"Agent stops before making required source edits, patches, fixes, or completing a partial implementation."
Premature Termination,Diagnostic Follow-through,18,"Agent stops during troubleshooting, reproduction, checks, or root-cause analysis before isolating the cause or determining the next fix."
Premature Termination,Record Modification,12,"Agent stops before applying required non-transactional account, database, playlist, booking, baggage, or configuration updates."
Premature Termination,Search Persistence,22,"Agent gives up after absent, shallow, failed, or poorly scoped searches instead of retrying, broadening, or following leads."
Premature Termination,Data Processing,9,"Agent stops before finishing required calculations, aggregations, transformations, comparisons, or file/media processing."
Premature Termination,Evidence Collection,11,"Agent stops after partial lookup before gathering all required records, evidence, identifiers, or notes from available sources."
Premature Termination,Final Delivery,8,"Agent completes or could complete the work but fails to provide the required final answer, submission, or patch handoff."
Premature Termination,Transaction Execution,12,"Agent stops before executing a consequential transaction, such as booking, transfer, exchange, payment, return, or refuel."
Premature Termination,Batch Iteration,3,"Agent processes only part of a repeated set, leaving remaining moves, removals, rows, items, or cases unfinished."
Premature Termination,Tool Result Interpretation,7,Agent obtains tool output but stops before interpreting the result or using it to choose a next step.
Premature Termination,Target Identification,8,Agent stops before resolving which specific entity should be used or modified.
Premature Termination,Approval Gate Handling,5,"Agent stops at a confirmation, approval, or request gate instead of asking for or using authorization appropriately."
Premature Termination,Downstream Continuation,9,"Agent completes one substantive action, then stops before required validation or follow-up operations beyond the immediate action."
Premature Termination,Deliverable Hygiene,5,"Agent leaves unclean files, dirty patches, leaked artifacts, missing attachments, or unfinished cleanup after producing a deliverable."
Premature Termination,Failure Recovery,3,"Agent hits an explicit recoverable tool, API, test, approval, or service error and stops instead of retrying or choosing alternatives."
Premature Termination,Other,1,
Query Formulation Error,Parameter Formatting Error,3,"Agent formats query syntax, operators, values, or required parameters incorrectly, causing invalid or misparsed searches."
Query Formulation Error,Underconstrained Term Selection,7,"Agent uses vague, generic, or insufficiently distinctive terms that cannot identify the intended item or entity."
Query Formulation Error,Missing Query Content,5,Agent submits no usable search or omits essential terms/entities required to retrieve relevant results.
Query Formulation Error,Invalid Filter Selection,10,"Agent chooses unsupported, nonexistent, inapplicable, or wrong filters instead of valid search capabilities."
Query Formulation Error,Overconstrained Query,11,"Agent adds excessive keywords, filters, statuses, or conditions that exclude otherwise relevant results."
Query Formulation Error,Result-Guided Reformulation Failure,1,"Agent fails to adapt after poor results, repeating ineffective queries or changing strategy without result evidence."
Query Formulation Error,Relationship Modeling Error,3,Agent omits or misstates relationship predicates or linked-entity constraints needed to retrieve connected records.
Query Formulation Error,Lexical Rigidity,6,"Agent depends on exact phrasing, literal clues, or brittle strings instead of aliases, synonyms, or semantic alternatives."
Query Formulation Error,Temporal Constraint Error,1,"Agent uses incorrect, missing, too broad, too narrow, or misaligned date/time constraints for the requested period."
Query Formulation Error,Scope Selection Error,1,"Agent searches the wrong repository, object type, field, or subset, excluding relevant data sources."
Coverage Enumeration Omission,Exhaustive Traversal,58,"Agent uses a relevant source but fails to traverse all records, pages, nested elements, or sequential candidates."
Coverage Enumeration Omission,Exhaustiveness Recognition,4,"Agent gives examples, summaries, or representative samples when the task requires a complete enumeration."
Coverage Enumeration Omission,Source Coverage Planning,1,"Agent omits an entire relevant input, file, page, tool result, or evidence source from consideration."
Coverage Enumeration Omission,Branch Exploration,3,Agent follows one option or path while neglecting other relevant branches in the task flow.
Coverage Enumeration Omission,Scope Boundary Recognition,4,"Agent overlooks inclusion, exclusion, range, or stopping conditions that define what must be enumerated."
Coverage Enumeration Omission,Edge Case Recognition,1,"Agent lists typical cases while missing boundary values, exceptions, rare variants, or special cases."
Evidence Retrieval Omission,Record Lookup Omission,14,"Agent omits querying or inspecting structured records such as orders, reservations, schedules, payments, contacts, or media lists."
Evidence Retrieval Omission,Artifact Lookup Omission,31,"Agent fails to locate required notes, files, documents, messages, or other free-form artifacts before inspecting content."
Evidence Retrieval Omission,Hard to Analyze,2,Case lacks enough information to infer a specific omitted evidence-retrieval skill with confidence.
Evidence Retrieval Omission,Premature Retrieval Closure,4,"Agent stops searching, submits, or finalizes despite an incomplete evidence chain or known missing retrieval step."
Evidence Retrieval Omission,Search Result Triage,6,"Agent overlooks a relevant available result, list item, or returned option that should have been inspected."
Evidence Retrieval Omission,Detail Extraction Failure,6,"Agent accesses relevant evidence but fails to identify the answer-bearing fact, code, duration, address, status, or similar detail."
Evidence Retrieval Omission,Target Set Discovery,4,Agent fails to enumerate the required set of target entities before deciding what evidence to retrieve.
Evidence Retrieval Omission,Source Coverage Gap,8,"Agent retrieves some evidence but omits required source categories, repositories, or independent corroborating sources."
Evidence Retrieval Omission,Verification Omission,6,"Agent does not confirm a retrieved or copied fact against the required authoritative source, status, or current record."
Evidence Retrieval Omission,Source Follow-up Omission,15,"Agent notices a promising source, link, snippet, or reference but fails to open, expand, or follow it."
Evidence Retrieval Omission,Artifact Inspection Gap,4,"Agent opens an artifact but does not navigate, search within, or inspect enough sections to find needed evidence."
Evidence Retrieval Omission,Query Planning Failure,3,"Agent uses haphazard, repetitive, or overly narrow queries instead of planning targeted searches for required evidence."
Evidence Retrieval Omission,Source Type Selection,4,"Agent chooses an inappropriate, incomplete, or non-authoritative source type when another evidence source is required."
Search Recovery Failure,Timeout Adaptation Failure,20,"Agent responds to timeouts with ineffective alternate settings, tools, or scopes, excluding identical retry loops or immediate abandonment."
Search Recovery Failure,Evidence Retrieval Failure,8,"Agent does not retrieve required evidence from available results or known locations, excluding access, pagination, identifier, validation, or timeout problems."
Search Recovery Failure,Result Application Failure,1,"Agent obtains enough search information but fails to use it for the required final update, addition, answer, or submission."
Search Recovery Failure,Query Repair Failure,4,"Agent fails to correct malformed, misspelled, wrong-field, or lookup-specific query text after explicit errors or mismatches."
Search Recovery Failure,Timeout Retry Loop,9,"Agent repeatedly retries the same timed-out search without modifying approach until budget, execution, or submission opportunity is exhausted."
Search Recovery Failure,Search Reformulation Failure,7,Agent keeps a syntactically valid but ineffective query or scope after empty or poor results instead of trying meaningful alternatives.
Search Recovery Failure,Premature Timeout Abandonment,6,"Agent gives up, submits, or returns a non-answer after timeout before any reasonable retry or alternative recovery attempt."
Search Recovery Failure,Access Recovery Failure,1,"Agent ignores or mishandles permission, visibility, authentication, or resource availability errors that block search access."
Search Recovery Failure,Fetch Validation Failure,2,"Agent retrieves or cites documents without verifying result references, causing invalid, ungrounded, or wrong-target fetches."
Search Recovery Failure,Constraint Repair Failure,3,"Agent fails to correct invalid or overly restrictive filters, dates, facets, or structured parameters blocking search."
Search Recovery Failure,Identifier Resolution Failure,1,"Agent fails to extract or resolve required item, record, or document identifiers from results before lookup or action."
Search Recovery Failure,Hypothesis Refocusing Failure,1,Agent pursues drifting or unsupported hypotheses rather than narrowing alternatives using feedback from failed searches.
Search Recovery Failure,Source Switching Failure,1,"Agent fails to inspect alternative available sources, notes, records, or tools after the current source returns empty or insufficient results."
Other,Factuality Error,37,"Agent states unsupported, fabricated, or contradicted information not grounded in tool output or provided context."
Other,Reasoning Calculation Error,34,"Agent makes incorrect logical inference, comparison, counting, arithmetic, or multi-step reasoning."
Other,Other,150,
Other,Verification Error,6,"Agent does not check whether facts, calculations, actions, or final outputs satisfy the task."
Other,Premature Termination,59,"Agent stops, reports completion, or gives a final answer before required work is finished."
Other,Tool Invocation Error,40,"Agent uses the right tool with malformed parameters, wrong arguments, or incomplete required fields."
Other,Tool Selection Error,7,Agent chooses an inappropriate tool or omits a required tool for the intended action.
Other,User Communication Error,15,"Agent gives unclear, incomplete, misleading, or poorly scoped communication to the user."
Other,Error Recovery Error,27,"Agent fails to notice failures, retry appropriately, or adapt after exceptions, rejections, or empty results."
Other,Instruction Following Error,13,"Agent ignores, misapplies, or contradicts explicit user, system, or task instructions."
Other,Information Gathering Error,67,"Agent fails to seek, retrieve, inspect, or compare necessary information before deciding or acting."
Other,Planning Error,17,"Agent lacks a viable step sequence, decomposes poorly, or chooses a strategy that prevents completion."
Other,Looping Behavior,10,"Agent repeats actions, reasoning, or tool calls without making progress toward completion."
Other,Goal Tracking Error,7,"Agent loses the user's objective, switches tasks, or optimizes for the wrong success condition."
Other,Constraint Handling Error,49,"Agent fails to enforce stated limits, preferences, eligibility criteria, or exclusions while otherwise pursuing the correct task."
Other,Action Targeting Error,27,"Agent acts on the wrong item, record, location, or option despite knowing the intended operation."
Other,Tool Result Interpretation Error,21,"Agent misreads, ignores, or overgeneralizes information returned by tools."
Other,State Tracking Error,6,"Agent loses track of completed actions, environment state, or unresolved subtasks during execution."
Other,Context Retention Error,2,Agent forgets or misuses prior conversation details needed for later decisions.
Other,Clarification Seeking Error,4,Agent proceeds despite missing essential user input that should have been requested first.
Other,Output Formatting Error,2,"Agent provides an answer that violates required structure, schema, language, or delivery format."
Action Execution Error,Other,50,
Action Execution Error,Task Completion Omission,10,Starts but fails to finish a required single-item workflow when no more specific execution fault is evident.
Action Execution Error,Fix Localization Error,2,"Changes the wrong component, layer, module, hook, or responsibility boundary for the intended software fix."
Action Execution Error,Argument Specification Error,6,"Provides missing, wrong, or insufficient arguments, identifiers, fields, amounts, attachments, reasons, or payment details."
Action Execution Error,Edit Application Failure,4,"Fails to produce an applicable source change, submitting no edit, a malformed patch, or a no-op modification."
Action Execution Error,Item Coverage Omission,4,"Handles only some required items in a batch, list, collection, or multi-request task."
Action Execution Error,Workspace Hygiene Failure,3,"Leaves obsolete files, test artifacts, repository contamination, dirty working trees, or known failed-change remnants."
Action Execution Error,State Awareness Error,2,"Misreads current system state, such as existing records, pending operations, resource balances, pagination, or target modification status."
Action Execution Error,Step Sequencing Error,5,"Performs required steps in the wrong order or skips prerequisites, invalidating later actions or causing unsafe changes."
Action Execution Error,Confirmation Follow-through,5,"Fails to execute the approved action after explicit user confirmation, go-ahead, or selection."
Action Execution Error,Recovery Handling Omission,2,"Stops after a failed external operation instead of retrying, replenishing resources, recreating entities, or otherwise recovering."
Action Execution Error,Operation Selection Error,1,Chooses the wrong action or workflow for the user's requested outcome.
Action Execution Error,Fix Logic Error,3,"Applies a code change that is semantically incorrect, overbroad, regressive, or causes runtime failures."
Entity Resolution Error,Ambiguity Resolution Failure,36,Agent chooses among multiple plausible candidates without using available disambiguating context or constraints.
Entity Resolution Error,Entity Conflation,6,Agent incorrectly merges two or more distinct entities into one resolved entity.
Entity Resolution Error,Relationship Evidence Failure,7,"Agent misuses relational clues, affiliations, ownership, family links, or co-occurrence to decide entity identity."
Entity Resolution Error,Identifier Mapping Error,5,"Agent identifies the right entity concept but outputs the wrong record ID, link, handle, or canonical name."
Entity Resolution Error,Referent Tracking Failure,3,"Agent loses which entity a pronoun, shorthand, or prior turn refers to across context."
Entity Resolution Error,Attribute Comparison Failure,10,"Agent ignores or miscompares identifying attributes such as dates, locations, roles, titles, or metadata."
Entity Resolution Error,Scope Constraint Error,8,"Agent resolves to an entity outside the required dataset, domain, geography, permissions, or user-specified constraints."
Entity Resolution Error,Candidate Retrieval Failure,9,"Agent fails to retrieve or consider the correct candidate after recognizing the mention, excluding alias-only misses."
Entity Resolution Error,Mention Detection Failure,2,"Agent misses, adds, or incorrectly segments the entity mention that should be resolved."
Entity Resolution Error,Hard to Analyze,1,Insufficient evidence or ambiguous trajectory prevents confident assignment to a specific entity-resolution failure.
Entity Resolution Error,Alias Matching Failure,1,"Agent fails to link nicknames, abbreviations, spelling variants, transliterations, or renamed entities to the same entity."
Candidate Verification Failure,Submission Control Error,2,"Finalizes, withholds, or omits the required answer at the wrong time or through an invalid completion action."
Candidate Verification Failure,Other,50,
Candidate Verification Failure,Anchoring Fixation,7,"Persists with an initial candidate, lead, or hypothesis despite weak, false, unverified, or mismatching evidence."
Candidate Verification Failure,Unjustified Candidate Switching,3,"Replaces one candidate with another without evidential basis, causing unsupported substitution rather than persistent anchoring."
Candidate Verification Failure,Evidence Corroboration Failure,3,"Accepts or submits a candidate from weak, single, or incomplete support when independent corroboration is required."
Candidate Verification Failure,Conflict Reconciliation Failure,2,"Ignores, minimizes, or mishandles contradictions between evidence, records, constraints, or intermediate findings before deciding."
Candidate Verification Failure,Source Verification Failure,3,"Relies on speculative, secondhand, or surface evidence instead of checking authoritative source content."
Candidate Verification Failure,Constraint Validation Failure,5,"Fails to check explicit requirements such as dates, statuses, compatibility, quantities, eligibility, or cross-record constraints before selection."
Candidate Verification Failure,Entity Disambiguation Failure,4,"Fails to confirm the target entity, record, order, or referent before selecting or inferring a candidate."
Candidate Verification Failure,Premature Narrowing,2,"Narrows the search space, topic, item, or option set before sufficient alternative exploration or verification."
Candidate Verification Failure,Hard to Analyze,2,"Insufficient, ambiguous, or subjective information prevents confident attribution to a specific verification skill failure."
Candidate Verification Failure,Targeted Search Omission,1,"Skips specific searches, record lookups, or result inspection needed to test an already plausible candidate."
Candidate Verification Failure,Valid Candidate Rejection,1,"Rejects, abandons, or answers none despite a viable candidate with evidence that should remain under consideration."
Candidate Verification Failure,Variant Tie-Breaking Error,1,Selects among similar candidates using subjective preference or irrelevant differences instead of objective distinguishing evidence.
Candidate Verification Failure,Feasibility Assessment Failure,1,"Declares an option impossible or unavailable without testing viable alternatives, allowable modifications, or recovery paths."
Search Adaptation Failure,Query Reformulation Failure,5,"Fails to improve searches with better terms, constraints, filters, or operators when the issue is not primarily literal-wording fixation."
Search Adaptation Failure,Search Pivot Omission,10,Fails to shift to a new evidence-supported direction after the current search path has clearly stalled.
Search Adaptation Failure,Search Strategy Mismatch,13,"Chooses an unsuitable search method or target type despite clear task demands, when no narrower adaptation failure applies."
Search Adaptation Failure,Repetitive Retrieval Loop,10,"Repeats equivalent searches or retrievals without adding new constraints, sources, evidence, or a decision point."
Search Adaptation Failure,Lead Exploitation Failure,8,"Fails to inspect, verify, or continue pursuing a promising result or clue before moving on."
Search Adaptation Failure,Literal Query Fixation,7,"Clings to exact clue wording or surface matches, missing synonyms, paraphrases, broader concepts, or nonliteral evidence."
Search Adaptation Failure,Candidate Anchoring,7,"Overcommits to an irrelevant candidate, secondary clue, or false trail despite weak, absent, or contradictory evidence."
Search Adaptation Failure,Unsupported Pivoting,4,"Changes search direction without evidential support, abandoning useful context for speculative or unjustified alternatives."
Search Adaptation Failure,Source Diversification Failure,3,"Keeps using the same source class instead of trying alternative sources, documents, references, citations, or result types after stagnation."
Search Adaptation Failure,Scope Calibration Failure,4,"Uses overly broad, narrow, or off-topic search boundaries without committing to a distinct unsupported target or pivot."
Search Adaptation Failure,Query Decomposition Failure,3,"Does not split compound clues, entities, or constraints into smaller searchable subproblems before searching."
Search Adaptation Failure,Resolution Control Failure,6,"Cannot decide when to submit, stop, or fall back, causing non-submission, premature failure, or endless data collection."
Search Adaptation Failure,Entity Disambiguation Failure,2,"Fails to use distinguishing attributes to separate similarly named or related entities, without clear overcommitment to one false candidate."
Finalization Protocol Error,Answer Specificity Error,6,"Agent's final answer is underspecified, overspecified, partial, or missing required fields, independent of formatting."
Finalization Protocol Error,Final Submit Omission,9,Agent has a ready final answer but fails to invoke the required final submission action.
Finalization Protocol Error,Malformed Completion Signal,5,"Agent emits the completion signal with invalid type, fields, payload, target, or completion semantics."
Finalization Protocol Error,Verification Loop Nontermination,2,"Agent repeats checking, waiting, or self-verification despite sufficient information, never deciding to finalize."
Finalization Protocol Error,Submission Protocol Misuse,4,"Agent attempts final submission using wrong tool, call order, schema, or arguments, excluding completion-signal-specific errors."
Finalization Protocol Error,Search Exit Failure,12,"After search fails or remains unresolved, agent fails to submit a valid fallback, uncertainty statement, or best-effort answer."
Finalization Protocol Error,Retrieved Result Withholding,2,Agent obtains the needed information but fails to transform it into the final answer or submission.
Finalization Protocol Error,Answer Canonicalization Error,7,"Agent submits an alias, deprecated label, abbreviation, or otherwise noncanonical answer when an exact canonical form is required."
Finalization Protocol Error,Premature Termination,4,Agent stops or claims completion before deriving an answer or entering the mandated finalization step.
Finalization Protocol Error,Completion Signal Omission,3,Agent provides answer content but omits a separately required task-completion or done signal.
Finalization Protocol Error,Answer Formatting Error,2,"Agent gives the right content in an invalid structure, syntax, rendering, delimiter, or fallback symbol format."
Evidence Interpretation Error,Concept Disambiguation,9,"Conflates similarly worded labels, categories, or concepts, applying evidence for one meaning to a different intended meaning."
Evidence Interpretation Error,Relation Role Inversion,2,"Reverses opposing roles within a relationship, such as payer versus payee, debtor versus creditor, or clue holder versus target."
Evidence Interpretation Error,Field Extraction,6,"Misreads explicit values, names, counts, masks, or fields from structured records, files, tables, or result rows."
Evidence Interpretation Error,Source Attribution,9,"Assigns evidence to the wrong source, entity, or metadata field, or relies on a non-authoritative source of truth."
Evidence Interpretation Error,Temporal Interpretation,7,"Misinterprets dates, seasons, chronology, recency, historical versus current status, or past versus upcoming events."
Evidence Interpretation Error,Tool Output Interpretation,19,"Misinterprets meanings of tool or search outputs, including errors, empty results, filters, invalid queries, rankings, or returned status signals."
Evidence Interpretation Error,Constraint Matching,4,"Misreads non-temporal descriptive constraints, including geography, attributes, populations, occupations, awards, lore, or eligibility clues."
Evidence Interpretation Error,Availability Interpretation,8,"Misreads availability, eligibility, enabled states, blockers, pricing, payment status, inventory, baggage rules, or update outcomes."
Evidence Interpretation Error,Evidence Weighting,6,"Overvalues weak clues, dismisses decisive evidence, ignores corrections, or treats retrieved and relevant information as absent."
Evidence Interpretation Error,Cross-Source Synthesis,5,"Fails to link, reconcile, or aggregate relevant evidence across documents, records, search results, or sources before deciding."
Evidence Interpretation Error,Conflict Detection,4,"Misjudges whether reservations, itineraries, transactions, records, or conditions conflict, overlap, duplicate, or can coexist."
Unsupported Fabrication,Speculative Reframing,3,"Changes hypothesis, framing, or search direction based on hunches instead of evidence."
Unsupported Fabrication,Invented Record Details,9,"Fills unsupported lookup-dependent details such as orders, reservations, schedules, payments, cancellations, quantities, or statuses."
Unsupported Fabrication,Fabricated Evidence,17,"Creates nonexistent source data, quotes, notes, templates, citations, or evidence chains absent from available materials."
Unsupported Fabrication,Invented Policy Rules,13,"States unsupported eligibility, restrictions, requirements, guarantees, refunds, compensation, exception rules, or policy outcomes."
Unsupported Fabrication,Overextended Inference,7,"Derives general, causal, demographic, temporal, or distributional claims from evidence too weak to support them."
Unsupported Fabrication,Invented Terminology,3,"Creates unsupported meanings, acronyms, symbols, name expansions, translations, or etymologies."
Unsupported Fabrication,Premature Finalization,10,"Finalizes despite uncertainty when the key failure is not verifying, rather than a distinct fabricated claim type."
Unsupported Fabrication,Capability Misjudgment,1,"Misstates tool, system, or business capabilities, causing unavailable actions, unsupported escalation, or impossible automation."
Unsupported Fabrication,Ungrounded Entity Attribution,5,"Assigns unsupported facts, relationships, classifications, memberships, histories, or properties to a specific entity."
Unsupported Fabrication,Unsupported Diagnosis,6,"Asserts unsupported causes, troubleshooting conclusions, diagnostic tools, fixes, resets, or billing explanations."
Unsupported Fabrication,Invented Procedures,8,"Provides unsupported customer-facing steps, account changes, offers, returns, exchanges, removals, commands, or instructions."
Unsupported Fabrication,Ungrounded Entity Selection,5,"Selects or invents candidates, matches, cases, identifiers, or records without grounding in available evidence."
Unsupported Fabrication,Irrelevant Support,2,"Uses unrelated analogies, references, or sources as direct proof for claims requiring specific evidence."
Policy Eligibility Error,Fact Application,5,"Agent identifies the relevant rule but applies it to customer facts, remedy details, or order attributes incorrectly."
Policy Eligibility Error,Constraint Enforcement,12,"Agent fails to apply mandatory prerequisites, exclusions, or blockers that must override otherwise eligible requests."
Policy Eligibility Error,Rule Interpretation,14,"Agent misreads policy semantics, invents restrictions, or states allowed conditions incorrectly before applying customer facts."
Policy Eligibility Error,Outcome Classification,8,"Agent reaches the wrong eligible or ineligible verdict despite no primary interpretation, fact, calculation, scope, or constraint error."
Policy Eligibility Error,Payment Validation,4,"Agent misapplies payment method, funding source, authorization, or sufficient-funds rules that gate transaction eligibility."
Policy Eligibility Error,Request Differentiation,3,"Agent conflates distinct user intents or remedies, causing the wrong eligibility policy to be applied."
Policy Eligibility Error,Scope Recognition,5,"Agent misidentifies whether the request, product, account, or situation falls within the supported policy scope before evaluating eligibility."
Policy Eligibility Error,Eligibility Calculation,1,"Agent miscalculates thresholds, dates, counts, amounts, durations, or timing windows required for an eligibility decision."
Policy Eligibility Error,Guidance Completion,1,"Agent omits required eligibility conditions, next steps, or pending actions for conditional or partially eligible requests."
Diagnostic Protocol Error,Travel Context Assessment,24,"Omits travel or roaming context checks, including data-roaming settings, roaming blocks, or account/device roaming eligibility."
Diagnostic Protocol Error,Ordered Step Execution,10,Skips prescribed order or leaves the generic diagnostic flow incomplete when no specific missed check is identifiable.
Diagnostic Protocol Error,Network Configuration Validation,4,"Fails to validate APN, MMSC, or equivalent network configuration, or follows unsupported configuration branches."
Diagnostic Protocol Error,Usage Limit Assessment,14,"Skips, delays, or prematurely concludes checks for data caps, overage, throttling, or exhausted allotments."
Diagnostic Protocol Error,Line Status Verification,2,"Starts troubleshooting without confirming affected line, line status, or line-specific prerequisites."
Diagnostic Protocol Error,Messaging Workflow Completion,8,"Leaves MMS-specific diagnostic workflow incomplete, excluding network configuration and application permission checks."
Diagnostic Protocol Error,Device Component Diagnostics,5,"Skips handset, SIM, radio, or device-health diagnostics unrelated to contextual services, configuration, messaging, permissions, or local restrictions."
Diagnostic Protocol Error,Premature Detour Avoidance,3,"Diverts to billing, payment, repairs, or unsupported actions before required diagnostic prerequisites are completed."
Diagnostic Protocol Error,Account Status Verification,4,"Fails to verify account service status or account-level causes, excluding line identity, usage limits, and contextual services."
Diagnostic Protocol Error,Local Restriction Assessment,2,"Misses local device settings, such as data saver, that restrict service behavior."
Diagnostic Protocol Error,Application Permission Verification,2,"Misses required application permissions for SMS, MMS, or related messaging functions."
Diagnostic Protocol Error,Calling Feature Assessment,1,"Omits calling-feature capability, configuration, or service checks when Wi-Fi calling or equivalent features are implicated."
Diagnostic Protocol Error,Reproduction Evidence Handling,2,Misreproduces the issue or treats invalid reproduction evidence as diagnostic proof.
Diagnostic Protocol Error,Escalation Decision-Making,2,"Misjudges whether to escalate or dispatch, or routes support based on insufficient diagnosis."
Diagnostic Protocol Error,Diagnostic Branch Selection,3,Chooses an inappropriate diagnostic branch or workflow for the presented symptoms.
Diagnostic Protocol Error,Hard to Analyze,1,Evidence is too ambiguous or incomplete to identify a more specific diagnostic protocol skill failure.
Validation Recovery Failure,Precondition Resolution Failure,2,Agent fails to address missing prerequisites or external constraints required before a validated action can succeed.
Validation Recovery Failure,Hard to Analyze,22,Case lacks enough behavioral detail to identify a specific validation recovery skill failure confidently.
Validation Recovery Failure,Invalid Retry Loop,10,Agent repeatedly submits substantially similar invalid calls or arguments instead of adapting after validation errors.
Validation Recovery Failure,Feedback Misinterpretation,3,"Agent draws the wrong meaning from validation feedback, leading to an inappropriate correction or no correction."
Validation Recovery Failure,Parameter Repair Failure,9,"Agent fails to correct invalid argument names, scalar values, enums, ranges, or allowed combinations after validation feedback."
Validation Recovery Failure,Query Repair Failure,8,"Agent fails to revise semantic search, filter, lookup, or retrieval criteria after validation rejects or limits the query."
Validation Recovery Failure,Feedback Ignoring,5,"Agent acknowledges or receives validation feedback but continues without changing inputs, tool use, or strategy."
Validation Recovery Failure,Tool Reselection Error,2,Agent keeps using or switches to an unsuitable tool or operation after validation indicates another action is required.
Validation Recovery Failure,Recovery Completion Failure,1,Agent partially resolves the validation issue but fails to resume and complete the remaining required task steps.
Validation Recovery Failure,Premature Abandonment,1,Agent gives up or reports failure before attempting obvious validation-driven repairs or alternatives.
Validation Recovery Failure,Schema Repair Failure,2,"Agent fails to fix required call structure, data types, nesting, or payload shape after schema validation."
Confirmation Handling Error,Completion Confirmation,2,"Agent fails to clearly communicate whether an approved action succeeded, failed, or remains pending after execution."
Confirmation Handling Error,Consent State Tracking,6,"Agent loses or misapplies consent across turns, repeating confirmed approvals, ignoring denials, or treating stale consent as current after changes."
Confirmation Handling Error,Explicit Consent Acquisition,16,"Agent initiates or attempts an operation without explicit approval for the specific action, payment, irreversible step, or final choice."
Confirmation Handling Error,Material Disclosure,7,"Agent requests or relies on consent before explaining relevant options, fees, risks, terms, limitations, or action consequences."
Confirmation Handling Error,Prerequisite Elicitation,5,Agent fails to gather required inputs or clarifications before deciding whether confirmation can be validly requested or acted upon.
Tool Invocation Error,Parameter Semantics,8,"Agent uses a valid parameter with the wrong meaning, mapping, unit, scope, or interpretation outside specialized query or action arguments."
Tool Invocation Error,Argument Schema Compliance,19,"Agent provides arguments with invalid fields, types, shapes, formats, or constraint violations, excluding missing required inputs."
Tool Invocation Error,Query Construction,18,"Agent misbuilds search, filter, sort, discovery, pagination, or query parameters used to locate or narrow records."
Tool Invocation Error,Terminal Tool Invocation,4,"Agent misuses submit, completion, or finalization tools, including premature completion before required tool work."
Tool Invocation Error,Mutation Argument Binding,10,"Agent supplies incorrect action-specific arguments for payments, approvals, updates, modifications, recordings, or other state-changing operations."
Tool Invocation Error,Tool Envelope Formation,2,"Agent emits malformed tool-call envelopes, return invocations, or call syntax that cannot be parsed or executed."
Tool Invocation Error,Retrieval Targeting,7,"Agent calls direct retrieval tools with the wrong record, message, voicemail, transaction, or other existing target, excluding search queries."
Tool Invocation Error,Required Argument Provision,5,"Agent omits mandatory payloads, target identifiers, or required arguments needed for a valid tool invocation."
Tool Invocation Error,Tool Sequencing,3,"Agent orders tool calls incorrectly or skips prerequisite reads, excluding atomicity, batching, and terminal-finalization errors."
Tool Invocation Error,Atomic Operation Decomposition,1,Agent combines incompatible operations that must be decomposed into separate atomic tool invocations.
Tool Invocation Error,Optional Argument Handling,4,"Agent supplies optional arguments that are syntactically allowed but inappropriate, unnecessary, conflicting, or inconsistent with user intent."
Tool Invocation Error,Single-Call Discipline,13,"Agent issues parallel, concurrent, or batched tool calls when only one call per turn is allowed."
Tool Invocation Error,Capability Boundary Recognition,3,"Agent invokes unsupported tools or features, or assumes API capabilities unavailable in the provided tool set."
Constraint Interpretation Error,Temporal Criteria Handling,10,"Mishandles dates, years, durations, past/future references, authoritative time, or temporal filtering windows."
Constraint Interpretation Error,Scope Boundary Binding,14,"Misbinds constraints to the wrong container, list, order, request, address, return, or source/destination boundary."
Constraint Interpretation Error,Operational Parameter Binding,7,"Misassigns required action parameters such as method, class, baggage option, search setting, or payment source while executing an operation."
Constraint Interpretation Error,Action Permission Gating,8,"Fails conditions, updated requests, single-action limits, mutually exclusive rules, or modification prohibitions governing whether an action is allowed."
Constraint Interpretation Error,Substitution Compatibility Matching,7,"Misinterprets replacement or exchange constraints requiring same order, specification, variant compatibility, or eligible substitute selection."
Constraint Interpretation Error,Semantic Clue Grounding,4,"Fails to map descriptive clues or domain relations, such as area, capital-city status, itinerary, or symbolic meaning, to the intended target."
Constraint Interpretation Error,Quantitative Criteria Evaluation,4,"Mishandles numeric thresholds, uniqueness tests, superlatives, counts, or quantitative representation constraints."
Constraint Interpretation Error,Other,3,
Constraint Interpretation Error,Candidate Filter Application,12,"Omits or misuses inclusion/exclusion filters over candidate records, such as privacy, relationship, liked-state, membership, or transaction attributes."
Constraint Interpretation Error,Constraint Overinference,7,"Adds unsupported constraints, over-literal anchors, or excessive narrowing that rejects valid interpretations."
Constraint Interpretation Error,Preference Compliance,3,"Overrides stated content or format preferences, including adding unwanted details or imposing unsupported response constraints."
Escalation Protocol Error,Need Assessment,8,"Misjudges whether policy, scope, account state, user intent, or resolvability requires escalation rather than self-service."
Escalation Protocol Error,Route Selection,3,"Starts escalation but chooses the wrong team, queue, channel, or supported path for the user's issue."
Escalation Protocol Error,Live-Agent Connection,4,"Mishandles requirements for connecting to a human agent, such as availability checks, wait handling, or live-transfer confirmation."
Escalation Protocol Error,Step Sequencing,8,"Performs required transfer steps in the wrong order or leaves intermediate steps incomplete, excluding initiation, routing, and messaging defects."
Escalation Protocol Error,Handoff Communication,6,"Omits, misstates, or formats required user-facing or internal handoff messages incorrectly during or after transfer."
Escalation Protocol Error,Transfer Initiation,6,Recognizes or is told escalation is required but does not trigger the required transfer or escalation action.
Authentication Handling Error,Authentication Flow Sequencing,7,"Agent uses the wrong authentication method, verification step, retry policy, or sequence when coordinating an authentication workflow."
Authentication Handling Error,Credential Fabrication,2,"Agent invents, guesses, or substitutes credentials, tokens, verification codes, or authentication values not provided by observations, tools, or the user."
Authentication Handling Error,Authentication Value Application,18,"Agent has required authentication values but omits, corrupts, misformats, or places them in wrong fields, headers, or tool arguments."
Authentication Handling Error,Authentication State Reading,5,"Agent misreads observed credentials, account identity, authentication status, or permission details, causing incorrect interpretation or selection."
Authentication Handling Error,Credential Acquisition,1,"Agent fails to ask for, retrieve, or refresh missing authentication material before attempting a protected action."
Escalation Timing Error,Roaming Eligibility Assessment,5,"Agent escalates before verifying roaming status, eligibility, configuration, diagnosis, or applying an available roaming fix."
Escalation Timing Error,Task Ownership,11,"Agent escalates clearly in-scope, handleable work instead of completing it, when no more specific missed decision, diagnostic, or verification step dominates."
Escalation Timing Error,Hard to Analyze,5,"Available information lacks a specific missed step, skill, or decision context beyond premature, unnecessary, or inappropriate escalation."
Escalation Timing Error,Permission Verification,4,Agent escalates before checking or correcting relevant application or device permissions needed for the reported issue.
Escalation Timing Error,Diagnostic Workflow Completion,15,"Agent escalates before starting, sequencing, completing, exhausting, or validating diagnostics when no specific omitted check is identifiable."
Escalation Timing Error,Connectivity Baseline Checks,7,"Agent escalates before checking device, line, signal, speed, Wi-Fi calling, or general connectivity, excluding network profile repair."
Escalation Timing Error,Data Limit Assessment,10,"Agent escalates before checking or resolving data limits, caps, usage, account data status, refuel effects, or related restrictions."
Escalation Timing Error,Messaging Service Diagnosis,6,"Agent escalates before completing SMS/MMS service checks or messaging remediation, excluding explicit network profile or APN repair."
Escalation Timing Error,Resolution Verification,1,"Agent transfers after a fix or attempted resolution without confirming success, retesting, or completing closure verification."
Escalation Timing Error,Account State Investigation,3,"Agent transfers before investigating or resolving backend account state, excluding data limits, roaming eligibility, authentication, and explicit service requests."
Escalation Timing Error,Authentication Recovery,2,"Agent escalates after authentication failure instead of pursuing permitted retry, recovery, alternate verification, or next verification step."
Escalation Timing Error,Network Configuration Repair,2,"Agent transfers before applying explicitly indicated APN, network profile, or equivalent configuration repair, excluding broader diagnostics."
Escalation Timing Error,Handoff Path Validation,3,"Agent suggests, starts, or diverts to an unsupported, irrelevant, unavailable, or unexecuted escalation path."
Escalation Timing Error,Policy Application,3,"Agent escalates instead of applying a clear policy, communicating an allowed denial, approval, or final outcome."
Unauthorized Action Execution,Communication Boundary Breach,8,"Sends notifications or messages that are disallowed, unrequested, addressed to ineligible recipients, or sent to more recipients than authorized."
Unauthorized Action Execution,Policy Violation,9,"Executes actions explicitly prohibited, unsupported, ineligible, or workaround-based despite governing rules or policy constraints."
Unauthorized Action Execution,Prerequisite Check Bypass,12,"Takes irreversible or backend actions before required user confirmation, authorization, eligibility validation, rebooking validation, or troubleshooting completion."
Unauthorized Action Execution,Unrelated State Mutation,10,"Performs unrelated persistent mutations, excluding duplicate, over-scoped, communication, workspace, policy, or prerequisite-bypass actions."
Unauthorized Action Execution,Entity Scope Overreach,6,"Applies data operations too broadly, recursively, or to untargeted entities, excluding communication and workspace boundary cases handled separately."
Unauthorized Action Execution,Workspace Boundary Breach,9,"Creates, modifies, or deletes tests, files, directories, or artifacts outside the allowed code or workspace change set."
Unauthorized Action Execution,Idempotency Violation,5,"Repeats an operation or creates duplicate records when the task required a single execution, retry avoidance, or preserving an existing transaction."
Remediation Omission,Entitlement Correction,6,"Omits enabling, activating, or correcting an account-level entitlement required to restore a service capability."
Remediation Omission,Service Activation,7,Omits activating or restoring general service access when the needed remediation lever is not otherwise specified.
Remediation Omission,Quota Replenishment,18,"Omits replenishing, lifting, resetting, or adjusting an exhausted quota, cap, limit, allowance, or usage threshold."
Remediation Omission,Configuration Correction,5,"Omits changing an incorrect or disabled setting, flag, preference, or configuration causing the failure."
Remediation Omission,Diagnosis Follow-through,6,Diagnoses the cause but omits the concrete corrective action when the required action type is unspecified.
Remediation Omission,External Provisioning,4,"Omits carrier, vendor, backend, or service-side provisioning required before the capability can work."
Remediation Omission,Patch Application,6,"Omits applying a required code, source, system, or platform patch after identifying the need."
Remediation Omission,Permission Granting,1,"Omits granting, restoring, or correcting required authorization, role, consent, credential, or access permission."
Remediation Omission,Payment Block Removal,3,"Omits balance, billing, funding, or payment action needed to clear a payment-related block."
Remediation Omission,Workflow Completion,1,Starts a known multi-step fix but stops before completing later steps; use when premature stopping is the main failure.
Remediation Omission,State Record Update,2,"Omits required state, status, database, record, or rollback update that is not a configuration change."
Quantitative Reasoning Error,Cost Comparison,7,"Misorders or selects the wrong option when comparing prices, fares, fees, or total costs."
Quantitative Reasoning Error,Numeric Extraction,2,"Uses an incorrect stated number as input, such as a price, balance, quantity, or timestamp."
Quantitative Reasoning Error,Count Aggregation,9,"Miscounts discrete items or totals during enumeration, filtering, or availability checks."
Quantitative Reasoning Error,Quantity Scaling,4,"Applies multipliers, per-person rates, baggage counts, or repeated quantities incorrectly."
Quantitative Reasoning Error,Payment Allocation,6,"Splits, assigns, or nets payments incorrectly across people, cards, accounts, or stated preferences."
Quantitative Reasoning Error,Time-Window Reasoning,2,"Misapplies deadlines, elapsed-time limits, or eligibility windows for cancellations, refunds, booking, or actions."
Quantitative Reasoning Error,Amount Reconciliation,8,"Computes remaining balances, refunds, credits, fare differences, or return amounts incorrectly after transactions or changes."
Quantitative Reasoning Error,Time Optimization,4,"Miscalculates durations or misranks alternatives when choosing fastest, earliest, latest, or time-minimizing options."
Quantitative Reasoning Error,Other,1,
